epoch,train_loss,train_accuracy,val_loss,val_accuracy,train_seconds,val_seconds,learning_rate
1,1.8968066245033628,0.3697883597883598,1.636938252625642,0.49530864197530866,159.409273199999,6.234722900000634,0.003
2,1.5043911601878979,0.5474603174603174,1.3926381443753655,0.5883950617283951,22.2858974999981,3.2186568999895826,0.003
3,1.3269889267916402,0.6033333333333334,1.2519518762753334,0.6190123456790123,23.342974499988486,3.4482809000037378,0.003
4,1.2135580600758709,0.6267195767195767,1.1622569827091547,0.6427160493827161,23.616476400013198,3.3255974000057904,0.003
5,1.1382583301029507,0.6435449735449735,1.10468475141643,0.6444444444444445,23.885902499998338,3.486246400003438,0.003
6,1.0753038721488266,0.6562962962962963,1.0683697140658344,0.6375308641975309,23.91065649999655,3.517573099990841,0.003
7,1.0272232248417283,0.6694708994708994,1.0183278060253755,0.677037037037037,23.893989899996086,3.42344429998775,0.003
8,0.9851548928306216,0.6810052910052911,0.956949793321115,0.6762962962962963,24.10130900000513,3.572267700001248,0.003
9,0.9497084667190673,0.6876719576719577,0.9290625855657789,0.6832098765432099,24.260471400004462,3.4694461000035517,0.003
10,0.9210086767887943,0.6921164021164021,0.9159483204064546,0.6918518518518518,24.2806763999979,3.552201200000127,0.003
11,0.9062647854714166,0.6965608465608466,0.9168668618908635,0.6837037037037037,23.670511699994677,3.287427499992191,0.003
12,0.880614749678859,0.7037566137566138,0.9140063439180821,0.6920987654320988,22.71967260001111,3.2871407000056934,0.003
13,0.8591962501359365,0.7101587301587302,0.8329287392416118,0.7155555555555555,22.81457600000431,3.2974110999930417,0.003
14,0.8404742811091993,0.7158201058201058,0.9102075041664971,0.6898765432098766,22.994314399998984,3.3361167999973986,0.003
15,0.8209507046805488,0.7222222222222222,0.8050837786109359,0.7249382716049383,22.810190000003786,3.350047200001427,0.003
16,0.8065571157011405,0.7274074074074074,0.7895922989315457,0.7254320987654321,22.919100200000685,3.365543099993374,0.003
17,0.7892305306530504,0.7329629629629629,0.7924248303307427,0.7249382716049383,22.718622899992624,3.2753785000095377,0.003
18,0.7730625586787229,0.7381481481481481,0.8453282437501131,0.6975308641975309,23.197194299995317,3.4385462000063853,0.003
19,0.7587105600291459,0.7441798941798942,0.7979422581637348,0.7274074074074074,23.060392399987904,3.3714157000067644,0.003
20,0.7495390698266408,0.7426984126984127,0.9446191356211533,0.66,23.643530200002715,3.3970289999997476,0.003
21,0.7388392276612539,0.7488359788359789,0.7438645854408359,0.7528395061728395,23.411232700003893,3.377874999991036,0.003
22,0.7307586725174434,0.7503174603174603,0.7694746282659931,0.7162962962962963,23.008308600008604,3.344083199990564,0.003
23,0.7172964068064613,0.7556613756613757,0.8367298655156736,0.7037037037037037,24.157994200009853,3.3238821999984793,0.003
24,0.7051771363253316,0.761005291005291,0.7350158671685207,0.7385185185185185,23.049112299995613,3.494441900009406,0.003
25,0.69570682417148,0.7629100529100529,1.0827844904381552,0.6382716049382716,23.548592099992675,3.590720100008184,0.003
26,0.6859471188777339,0.7690476190476191,0.9087886524200439,0.6688888888888889,23.76180550000572,3.434724799997639,0.003
27,0.6764441156008887,0.7714814814814814,0.6831532421818486,0.7582716049382716,23.365255299999262,3.381040699998266,0.003
28,0.671127251670474,0.7728042328042328,0.65117317031931,0.782962962962963,23.638747800010606,3.4427522999903886,0.003
29,0.6650193449555251,0.775978835978836,0.6595332448865161,0.7671604938271605,23.198209599999245,3.3970624999928987,0.003
30,0.6567916250985766,0.7762433862433863,0.6993226448106177,0.7491358024691358,23.243833499989705,3.361448700001347,0.003
